Dataset,Model,Enhancement,Optimizer,LR,BatchSize,Time/Epoch (sec),Total Time (sec),#Epoch(total),#Epoch(saved),Accuracy(total),Train Accuracy,NumParam,Accuracy_1,Accuracy_2,Accuracy_3,Accuracy_4,Accuracy_5,Accuracy_6,Accuracy_7,Accuracy_8,Accuracy_9,Accuracy_10
cifar,CNN,no_pool,K-FAC,0.001,32,26.567019787701692,292.2372176647186,11,6,10.0,9.8575,63520,0.0,0.0,0.0,0.0,0.0,0.0,100.0,0.0,0.0,0.0
mnist,CNN,dropout,LBFGS,0.001,40000,17.3323124025179,797.2863705158234,46,41,11.35,11.26,44426,0.0,100.0,0.0,0.0,0.0,0.0,0.0,0.0,0.0,0.0
mnist,CNN,dropout,K-FAC,0.01,32,13.906318426132202,152.96950268745422,11,6,96.39,95.996,44426,98.6734693877551,99.29515418502203,95.15503875968992,95.34653465346534,95.92668024439918,96.97309417040358,97.28601252609603,95.62256809338521,94.04517453798768,95.34192269573836
cifar,CNN,no_pool,K-FAC,0.01,32,20.34206501642863,122.05239009857178,6,1,9.94,9.98,63520,0.1,0.0,98.6,0.1,0.0,0.1,0.1,0.1,0.0,0.3
cifar,CNN,,K-FAC,0.0001,32,38.90239269392831,272.31674885749817,7,2,49.0,0.0,62006,61.0,64.0,34.0,43.0,40.0,35.0,52.0,53.0,67.0,49.0
cifar,CNN,"dropout, no_pool",LBFGS,0.01,50000,30.125945750404806,512.1410777568817,17,12,21.52,21.86,63520,4.7,22.1,0.5,0.0,0.0,0.0,74.6,39.0,29.0,45.3
cifar,MLP,,SGD,0.0001,32,4.213914218014234,307.61573791503906,73,68,52.66,61.4625,1647946,59.3,60.4,38.2,34.5,43.5,39.7,64.7,60.6,70.1,55.6
cifar,CNN,,LBFGS,0.001,32,14.742697775363922,353.82474660873413,24,19,10.0,0.0,62006,0.0,0.0,0.0,100.0,0.0,0.0,0.0,0.0,0.0,0.0
mnist,CNN,"dropout, no_pool",LBFGS,0.0001,40000,24.522301285266877,2452.2301285266876,100,99,9.58,9.864,54100,0.0,0.0,0.0,0.0,0.0,0.0,100.0,0.0,0.0,0.0
cifar,CNN,dropout,K-FAC,0.001,32,12.342088145869118,345.5784680843353,28,23,50.47,52.5175,62006,38.1,69.9,28.9,22.2,43.1,48.5,66.4,64.8,71.5,51.3
cifar,CNN,dropout,SGD,0.001,32,4.309503826601752,249.9512219429016,58,53,58.64,64.295,62006,65.7,72.5,39.5,34.1,56.8,49.9,70.4,63.6,73.5,60.4
mnist,MLP,dropout,SGD,0.001,32,4.42797867457072,225.8269124031067,51,46,98.1,99.576,476490,98.87755102040816,99.47136563876651,98.06201550387597,98.11881188118812,97.86150712830957,97.98206278026906,98.43423799582463,97.27626459143968,97.3305954825462,97.42319127849356
fashion_mnist,CNN,dropout,SGD,0.001,32,4.586015532998478,389.8113203048706,85,80,89.5,91.424,44426,84.6,97.7,82.5,90.0,86.3,97.6,65.9,97.0,97.5,95.9
mnist,CNN,,SGD,0.001,40000,8.758948442935944,875.8948442935944,100,100,11.35,11.09,44426,0.0,100.0,0.0,0.0,0.0,0.0,0.0,0.0,0.0,0.0
mnist,CNN,,K-FAC,0.001,32,9.766584581798977,87.8992612361908,9,4,93.42,93.068,44426,99.21875,97.77777777777777,97.16312056737588,91.12903225806451,91.30434782608695,88.76404494382022,93.07692307692308,89.56521739130434,90.26548672566372,86.33093525179856
fashion_mnist,MLP,,SGD,0.001,32,4.448984440167745,133.46953320503235,30,25,88.2,92.992,476490,85.8,96.4,76.9,92.2,76.1,96.0,71.8,93.6,95.8,97.4
cifar,MLP,dropout,K-FAC,0.001,32,63.02154815196991,378.12928891181946,6,1,16.7,16.8725,1647946,21.3,0.5,0.9,0.0,91.1,0.1,0.4,4.3,4.5,43.9
cifar,MLP,dropout,LBFGS,0.0001,50000,7.657941584587097,765.7941584587097,100,100,9.34,9.455,1647946,17.9,0.0,0.0,0.0,0.0,0.0,0.0,0.0,75.5,0.0
mnist,CNN,"dropout, no_pool",SGD,0.01,32,5.42056958436966,542.0569584369659,100,98,9.8,9.83,54100,100.0,0.0,0.0,0.0,0.0,0.0,0.0,0.0,0.0,0.0
cifar,CNN,,LBFGS,0.1,32,1.066154544353485,106.61545443534851,100,100,10.0,10.03,62006,100.0,0.0,0.0,0.0,0.0,0.0,0.0,0.0,0.0,0.0
cifar,MLP,,LBFGS,0.001,32,23.997198502222698,215.97478652000427,9,4,9.91,9.71,1647946,22.1,0.0,0.0,0.0,0.0,0.0,0.0,0.0,77.0,0.0
cifar,CNN,,K-FAC,0.001,32,11.75045482814312,188.00727725028992,16,11,64.96,74.465,62006,71.9,74.2,58.4,46.4,55.1,51.0,72.3,70.4,73.9,76.0
fashion_mnist,CNN,no_pool,LBFGS,0.1,50000,25.82140662935045,929.5706386566162,36,31,86.94,89.792,54100,82.4,96.7,79.0,87.6,78.4,95.4,63.0,95.2,96.3,95.4
mnist,MLP,dropout,LBFGS,0.0001,40000,7.775837850570679,777.5837850570679,100,100,11.01,11.472,476490,0.0,0.0,0.0,0.0,0.0,0.0,49.58246346555324,0.0,64.16837782340862,0.09910802775024777
cifar,CNN,dropout,LBFGS,0.0001,50000,17.749928215571813,621.2474875450134,35,30,10.0,9.9525,62006,0.0,0.0,0.0,100.0,0.0,0.0,0.0,0.0,0.0,0.0
mnist,MLP,,K-FAC,0.0001,32,30.756053772839632,676.6331830024719,22,17,97.58,99.078,476490,99.08163265306122,98.94273127753304,97.77131782945736,97.62376237623762,97.65784114052953,95.96412556053812,97.49478079331942,96.98443579766537,97.12525667351129,96.82854311199208
cifar,CNN,,SGD,0.1,50000,9.064540954736563,353.51709723472595,39,34,27.44,27.4675,62006,43.7,28.2,4.0,10.1,8.7,3.7,55.3,45.8,31.2,43.7
mnist,CNN,no_pool,K-FAC,0.0001,32,81.43441085020702,977.2129302024841,12,7,97.57,0.0,54100,98.4375,99.25925925925925,95.74468085106383,97.58064516129032,97.10144927536231,92.13483146067416,96.92307692307692,98.26086956521739,97.34513274336283,96.40287769784173
cifar,CNN,"dropout, no_pool",K-FAC,0.0001,32,74.1262512955011,3780.4388160705566,51,46,37.22,38.395,63520,48.4,65.4,4.1,13.1,6.5,25.7,74.9,51.7,40.4,42.0
mnist,CNN,,LBFGS,0.001,40000,19.411609947681427,1941.1609947681427,100,100,96.89,96.448,44426,98.4375,98.51851851851852,95.74468085106383,98.38709677419355,97.10144927536231,94.38202247191012,96.15384615384616,92.17391304347827,96.46017699115045,92.0863309352518
cifar,MLP,dropout,SGD,0.001,32,4.137058610007877,86.8782308101654,21,16,53.76,62.55,1647946,61.2,61.3,42.6,39.4,43.7,41.3,63.8,59.0,67.6,57.7
mnist,CNN,dropout,K-FAC,0.0001,32,51.48907027641932,1235.7376866340637,24,19,98.84,99.438,44426,99.48979591836735,99.11894273127753,98.93410852713178,99.20792079207921,98.87983706720978,98.20627802690584,98.64300626304802,98.73540856031128,98.56262833675565,98.51337958374629
cifar,CNN,dropout,LBFGS,0.01,50000,18.623895076604988,242.11063599586487,13,8,24.16,24.565,62006,34.3,50.7,5.1,24.1,2.4,0.0,69.0,16.3,39.2,0.5
cifar,MLP,,LBFGS,0.01,50000,9.888947741551833,435.11370062828064,44,39,50.41,56.8925,1647946,56.3,60.2,38.4,30.8,41.8,37.5,59.3,56.1,67.2,56.5
mnist,MLP,dropout,LBFGS,0.001,40000,8.178040387630462,817.8040387630463,100,100,11.01,11.376,476490,0.0,0.0,0.0,0.0,0.0,0.0,49.58246346555324,0.0,64.16837782340862,0.09910802775024777
fashion_mnist,CNN,dropout,K-FAC,0.0001,32,13.495171270062846,418.35030937194824,31,26,88.74,91.376,44426,84.9,97.2,82.1,91.7,83.4,95.4,63.8,97.5,97.7,93.7
fashion_mnist,CNN,dropout,K-FAC,0.001,32,12.561274083455404,188.41911125183105,15,10,84.37,0.0,44426,80.0,89.65517241379311,79.3103448275862,91.17647058823529,83.60655737704919,88.40579710144928,34.61538461538461,89.81481481481481,98.33333333333333,96.72131147540983
fashion_mnist,CNN,,SGD,0.01,32,16.24249562195369,227.39493870735168,14,9,88.73,91.814,44426,80.6,98.5,86.4,88.1,84.1,95.5,66.5,96.6,96.0,95.0
cifar,CNN,dropout,K-FAC,1e-05,32,10.091288127899169,1009.128812789917,100,99,60.33,71.0525,62006,60.1,74.0,48.2,40.0,60.8,37.4,75.8,64.5,76.9,65.6
mnist,CNN,,SGD,0.001,32,4.4407936334609985,133.22380900382996,30,25,98.99,99.622,44426,99.6938775510204,99.47136563876651,99.32170542635659,99.3069306930693,99.4908350305499,98.54260089686099,98.22546972860125,98.63813229571984,98.66529774127311,98.41427155599604
fashion_mnist,CNN,no_pool,SGD,0.01,32,4.869088927904765,58.42906713485718,12,7,84.09,85.096,54100,83.5,96.2,74.1,87.0,74.3,91.7,48.6,96.4,94.7,94.4
cifar,CNN,,SGD,0.001,50000,8.108888459205627,810.8888459205627,100,100,10.0,10.0075,62006,0.0,0.0,0.0,100.0,0.0,0.0,0.0,0.0,0.0,0.0
fashion_mnist,MLP,dropout,LBFGS,0.001,50000,7.911736738681793,791.1736738681793,100,100,16.93,17.062,476490,0.0,0.0,0.0,0.0,0.0,0.0,94.9,0.0,10.1,64.3
mnist,MLP,dropout,K-FAC,0.01,32,29.96302656332652,179.7781593799591,6,1,85.05,84.536,476490,93.9795918367347,95.94713656387665,81.4922480620155,83.06930693069307,85.13238289205702,81.61434977578476,92.58872651356994,75.0,78.02874743326488,82.55698711595639
fashion_mnist,CNN,,SGD,0.001,32,5.160394152005513,216.73655438423157,42,37,89.64,93.136,44426,84.8,97.4,80.1,90.7,89.0,96.9,68.8,96.8,97.2,94.7
cifar,MLP,,K-FAC,0.0001,32,253.0111232825688,1771.0778629779816,7,2,47.65,60.135,1647946,50.0,60.0,29.7,34.0,35.7,38.4,56.8,55.6,62.2,54.1
fashion_mnist,CNN,"dropout, no_pool",K-FAC,0.0001,32,17.300289032676,951.5158967971802,55,50,85.08,87.256,54100,84.0,95.9,75.4,87.2,82.8,90.5,50.8,94.0,95.4,94.8
mnist,MLP,,LBFGS,0.1,40000,7.998254343867302,255.94413900375366,32,27,97.26,98.584,476490,98.46938775510205,98.76651982378854,97.77131782945736,98.01980198019803,96.13034623217922,95.4035874439462,97.80793319415449,97.17898832684826,96.91991786447639,95.73835480673935
fashion_mnist,CNN,no_pool,K-FAC,0.001,32,22.36402291059494,178.91218328475952,8,3,78.88,80.252,54100,78.8,94.3,79.4,83.5,54.8,81.6,39.9,91.3,92.9,92.3
cifar,CNN,,LBFGS,0.0001,32,6.686175079345703,668.6175079345703,100,100,10.0,10.0075,62006,0.0,0.0,0.0,100.0,0.0,0.0,0.0,0.0,0.0,0.0
cifar,CNN,"dropout, no_pool",SGD,0.01,32,5.0540702607896595,45.486632347106934,9,4,22.42,22.48,63520,47.8,17.9,0.0,0.0,0.0,2.6,90.5,27.2,34.6,3.6
cifar,CNN,dropout,K-FAC,0.0001,32,44.00330865383148,1848.1389634609222,42,37,60.05,68.6175,62006,60.7,72.2,43.4,48.6,64.4,39.8,64.1,65.4,77.4,64.5
fashion_mnist,CNN,,K-FAC,0.1,32,52.564742989010284,473.08268690109253,9,4,82.88,84.258,44426,74.2,95.8,51.4,87.9,86.3,90.9,59.1,95.3,93.9,94.0
fashion_mnist,MLP,dropout,K-FAC,0.001,32,14.928654670715332,89.57192802429199,6,1,74.91,75.542,476490,73.3,93.5,52.7,88.0,72.9,85.7,30.0,76.6,88.1,88.3
fashion_mnist,CNN,dropout,K-FAC,0.01,32,13.995667243003846,139.95667243003845,10,5,81.01,82.042,44426,74.3,94.6,67.6,89.6,72.5,84.3,44.4,95.9,93.7,93.2
fashion_mnist,CNN,"dropout, no_pool",K-FAC,0.001,32,23.281592696905136,372.5054831504822,16,11,72.42,73.766,54100,80.0,90.1,68.7,86.9,60.6,75.5,4.8,75.9,85.5,96.2
mnist,MLP,,LBFGS,0.001,32,16.64520835876465,199.74250030517578,12,7,11.76,12.392,476490,0.0,0.0,0.0,0.0,0.0,0.0,85.38461538461539,0.0,46.902654867256636,0.0
mnist,CNN,"dropout, no_pool",LBFGS,0.01,40000,24.998889366785686,149.9933362007141,6,1,11.35,11.21,54100,0.0,100.0,0.0,0.0,0.0,0.0,0.0,0.0,0.0,0.0
fashion_mnist,CNN,"dropout, no_pool",K-FAC,0.01,32,19.46404254436493,272.496595621109,14,9,66.94,67.534,54100,77.7,89.3,95.8,75.5,1.8,72.3,1.4,83.6,79.1,92.9
fashion_mnist,CNN,no_pool,SGD,0.001,32,5.03215925352914,176.1255738735199,35,30,87.63,90.65,54100,89.2,95.7,81.2,86.8,83.4,96.2,58.6,94.1,96.3,94.8
mnist,MLP,,SGD,0.001,32,4.789811992645264,119.74529981613159,25,20,97.77,99.072,476490,99.08163265306122,99.11894273127753,97.09302325581395,98.01980198019803,97.86150712830957,96.97309417040358,97.07724425887265,98.24902723735408,97.02258726899385,96.92765113974232
cifar,CNN,no_pool,LBFGS,0.1,50000,29.78060751199722,2978.0607511997223,100,100,47.31,48.9525,63520,51.5,61.1,27.7,27.2,34.7,39.2,61.6,54.1,59.0,57.0
fashion_mnist,CNN,"dropout, no_pool",LBFGS,0.01,50000,25.182858629226686,1888.7143971920013,75,70,70.58,70.834,54100,80.0,93.7,78.8,78.7,29.1,76.1,1.7,83.6,89.0,95.1
fashion_mnist,MLP,dropout,SGD,0.001,32,4.46519073733577,120.5601499080658,27,22,88.28,91.608,476490,86.3,96.2,81.7,90.4,78.1,94.3,66.7,95.6,97.0,96.5
fashion_mnist,MLP,,LBFGS,0.001,50000,8.353297440373169,818.6231491565704,98,93,85.27,87.084,476490,81.6,95.2,76.5,87.8,77.3,93.4,59.0,93.2,95.3,93.4
cifar,CNN,no_pool,LBFGS,0.0001,50000,10.534958930015565,1053.4958930015564,100,98,10.0,10.11,63520,0.0,100.0,0.0,0.0,0.0,0.0,0.0,0.0,0.0,0.0
mnist,MLP,dropout,K-FAC,0.0001,32,65.92570420900981,988.8855631351471,15,10,97.19,98.072,476490,99.08163265306122,99.03083700440529,96.99612403100775,95.64356435643565,96.5376782077393,96.41255605381166,98.12108559498957,95.03891050583658,97.53593429158111,97.32408325074331
fashion_mnist,MLP,dropout,K-FAC,0.01,32,28.95509624481201,173.73057746887207,6,1,77.36,78.828,476490,66.8,92.6,63.3,79.8,75.7,83.1,49.2,84.5,87.1,91.5
cifar,CNN,no_pool,SGD,0.0001,32,4.508521175384521,450.85211753845215,100,98,49.92,52.365,63520,55.8,60.2,36.3,29.4,37.9,53.8,57.2,55.1,59.8,53.7
cifar,MLP,dropout,K-FAC,0.01,32,301.66601796944934,1809.9961078166962,6,1,23.49,25.205,1647946,28.1,4.4,42.9,9.1,10.2,3.8,28.6,23.3,43.2,41.3
mnist,MLP,,LBFGS,0.01,40000,8.136427586078645,813.6427586078644,100,100,96.86,98.27,476490,98.77551020408163,98.76651982378854,97.38372093023256,96.93069306930693,96.43584521384929,95.2914798206278,97.07724425887265,96.59533073929961,96.30390143737166,94.64816650148661
cifar,MLP,,K-FAC,1e-05,32,57.52174711227417,575.2174711227417,10,5,55.57,79.01,1647946,62.9,64.4,42.7,35.2,46.8,43.0,64.8,64.8,71.5,59.6
mnist,CNN,,K-FAC,1e-05,32,11.307461720246534,146.99700236320496,13,8,98.93,99.65,44426,99.28571428571429,99.73568281938326,99.2248062015504,99.20792079207921,98.77800407331975,99.10313901345292,98.74739039665971,99.61089494163424,98.870636550308,96.63032705649158
cifar,MLP,dropout,K-FAC,0.0001,32,203.87419411114283,2854.2387175559998,14,9,51.97,65.7875,1647946,59.3,60.1,40.6,33.1,50.0,36.0,67.3,53.8,67.6,51.9
fashion_mnist,CNN,no_pool,K-FAC,0.01,32,16.176982508765327,145.59284257888794,9,4,75.78,77.238,54100,71.4,87.8,72.4,77.3,50.4,89.3,41.4,90.5,86.1,91.2
fashion_mnist,MLP,dropout,LBFGS,0.0001,50000,7.624488096237183,762.4488096237183,100,100,16.93,17.156,476490,0.0,0.0,0.0,0.0,0.0,0.0,94.9,0.0,10.1,64.3
fashion_mnist,CNN,,LBFGS,0.1,50000,18.93162191576428,681.538388967514,36,31,89.22,91.64,44426,84.3,97.5,84.5,88.9,83.7,96.9,67.6,96.2,97.2,95.4
fashion_mnist,CNN,,K-FAC,0.01,32,8.984948436419169,53.909690618515015,6,1,83.25,0.0,44426,72.3,95.3,83.9,78.2,83.2,89.2,55.8,96.9,92.5,85.2
mnist,CNN,dropout,LBFGS,0.1,40000,19.22464958826701,692.0873851776123,36,31,98.79,98.96,44426,99.6938775510204,99.73568281938326,98.83720930232558,98.7128712871287,99.28716904276986,98.4304932735426,98.32985386221294,98.5408560311284,98.25462012320328,97.9187314172448
cifar,CNN,,SGD,0.0001,32,13.475316298007964,1347.5316298007965,100,97,57.67,60.9575,62006,53.7,70.6,48.1,47.2,34.8,40.8,70.1,66.4,78.8,66.2
mnist,CNN,dropout,K-FAC,0.1,32,13.57313315073649,81.43879890441895,6,1,95.25,94.898,44426,98.6734693877551,99.11894273127753,92.44186046511628,96.03960396039604,93.48268839103869,92.48878923766816,97.28601252609603,94.3579766536965,92.09445585215606,95.8374628344896
cifar,MLP,dropout,LBFGS,0.001,50000,8.24618107233292,321.6010618209839,39,34,9.34,9.5375,1647946,17.9,0.0,0.0,0.0,0.0,0.0,0.0,0.0,75.5,0.0
mnist,CNN,no_pool,LBFGS,0.01,40000,25.16380294561386,2516.380294561386,100,98,97.25,97.736,54100,98.36734693877551,99.03083700440529,97.57751937984496,97.82178217821782,96.94501018329939,95.85201793721973,97.18162839248434,97.17898832684826,96.30390143737166,95.8374628344896
fashion_mnist,CNN,"dropout, no_pool",LBFGS,0.001,50000,25.01133372534567,1675.7593595981598,67,62,10.15,10.098,54100,0.0,0.0,0.0,0.0,0.0,0.0,100.0,1.5,0.0,0.0
fashion_mnist,CNN,"dropout, no_pool",SGD,0.01,32,5.437438616752624,543.7438616752625,100,97,10.0,10.008,54100,100.0,0.0,0.0,0.0,0.0,0.0,0.0,0.0,0.0,0.0
cifar,MLP,,K-FAC,0.001,32,200.7234359004281,2207.957794904709,11,6,26.04,27.5225,1647946,56.5,52.6,0.3,0.0,0.0,1.3,85.3,14.6,29.2,20.6
mnist,CNN,"dropout, no_pool",LBFGS,0.001,40000,24.609113759681826,1501.1559393405914,61,56,9.58,9.796,54100,0.0,0.0,0.0,0.0,0.0,0.0,100.0,0.0,0.0,0.0
mnist,MLP,dropout,LBFGS,0.01,40000,8.59474826335907,859.474826335907,100,100,15.09,14.806,476490,38.16326530612245,100.0,0.0,0.0,0.0,0.0,0.0,0.0,0.0,0.0
fashion_mnist,CNN,,K-FAC,1e-05,32,49.621872171759605,793.9499547481537,16,11,90.18,94.072,44426,85.6,97.8,84.8,89.6,85.6,97.5,71.4,96.2,97.6,95.7
mnist,CNN,no_pool,SGD,0.01,32,4.849316716194153,29.095900297164917,6,1,92.26,92.278,54100,94.89795918367346,98.76651982378854,85.65891472868218,90.79207920792079,92.4643584521385,92.9372197309417,97.7035490605428,93.77431906614785,81.62217659137578,93.3597621407334
cifar,CNN,dropout,LBFGS,0.1,50000,17.843053892680576,624.5068862438202,35,30,52.95,54.3575,62006,53.9,65.5,36.2,32.2,42.8,39.1,72.7,59.9,69.6,57.6
mnist,CNN,,LBFGS,0.001,32,19.974749531064713,279.646493434906,14,9,11.97,11.56,44426,14.84375,94.07407407407408,0.0,0.0,0.0,0.0,0.0,0.0,0.0,0.0
cifar,CNN,no_pool,SGD,0.01,32,4.558528661727905,41.02675795555115,9,4,31.51,31.6975,63520,7.8,50.9,6.9,5.4,15.8,53.1,53.6,38.8,70.2,12.6
fashion_mnist,CNN,dropout,LBFGS,0.001,50000,17.54693820476532,1754.693820476532,100,99,10.0,9.99,44426,0.0,100.0,0.0,0.0,0.0,0.0,0.0,0.0,0.0,0.0
cifar,MLP,dropout,K-FAC,0.1,32,310.8216774861018,1864.9300649166107,6,1,27.51,28.295,1647946,29.1,5.0,38.5,8.3,20.6,17.2,31.4,26.6,47.9,50.5
cifar,CNN,dropout,K-FAC,0.1,32,13.027062972386679,78.16237783432007,6,1,20.86,21.0625,62006,16.5,38.6,23.7,3.4,54.1,6.3,0.8,16.1,48.7,0.4
fashion_mnist,MLP,,K-FAC,0.001,32,23.55349651972453,141.32097911834717,6,1,75.71,77.484,476490,69.4,91.2,78.2,65.1,71.1,82.1,45.4,90.9,78.4,85.3
fashion_mnist,MLP,dropout,K-FAC,0.0001,32,67.32817884286244,1211.907219171524,18,13,88.65,92.188,476490,81.7,96.5,80.6,91.5,83.4,95.5,68.5,96.2,97.6,95.0
mnist,CNN,,LBFGS,0.01,40000,19.061038976834144,1543.9441571235657,81,76,98.51,98.798,44426,100.0,97.77777777777777,97.87234042553192,98.38709677419355,98.55072463768116,94.38202247191012,98.46153846153847,97.3913043478261,99.11504424778761,97.84172661870504
fashion_mnist,CNN,dropout,LBFGS,0.1,50000,17.98539502280099,377.6932954788208,21,16,84.5,85.168,44426,83.1,96.2,73.8,88.5,78.6,95.5,45.2,94.2,95.5,94.4
cifar,CNN,,SGD,0.01,50000,8.108924758434295,810.8924758434296,100,100,20.19,20.685,62006,27.2,49.8,0.0,24.7,0.0,0.0,10.3,55.6,1.8,32.5
mnist,CNN,no_pool,SGD,0.001,32,5.0452414119944855,85.76910400390625,17,12,98.07,98.692,54100,98.46938775510205,99.47136563876651,97.67441860465117,98.11881188118812,98.26883910386965,96.97309417040358,98.32985386221294,98.05447470817121,98.25462012320328,96.82854311199208
fashion_mnist,CNN,dropout,SGD,0.0001,32,4.7516297698020935,475.16297698020935,100,98,85.32,86.246,44426,83.6,95.5,71.0,88.8,79.8,94.9,55.4,93.9,95.6,94.7
mnist,CNN,,SGD,0.01,40000,7.893951032161713,789.3951032161713,100,100,60.13,58.748,44426,97.65625,98.51851851851852,65.95744680851064,58.87096774193548,80.43478260869566,4.49438202247191,51.53846153846154,64.34782608695652,34.51327433628319,6.474820143884892
cifar,CNN,,SGD,0.01,32,14.176818224099966,184.29863691329956,13,8,61.38,69.1675,62006,64.3,81.7,51.9,36.9,58.7,51.0,57.9,72.8,70.5,68.1
mnist,CNN,"dropout, no_pool",K-FAC,0.0001,32,17.173360413312913,686.9344165325165,40,35,96.78,97.352,54100,99.18367346938776,99.11894273127753,95.44573643410853,95.84158415841584,97.14867617107943,95.85201793721973,97.59916492693111,96.20622568093385,95.99589322381931,95.14370664023787
cifar,MLP,dropout,LBFGS,0.01,50000,8.986488404481307,413.37846660614014,46,41,42.36,42.2025,1647946,43.1,55.1,18.2,28.6,30.8,34.1,53.5,52.3,56.6,51.3
fashion_mnist,CNN,,K-FAC,0.001,32,13.20314872264862,79.21889233589172,6,1,82.66,84.008,44426,74.7,95.3,72.6,85.1,75.8,92.6,53.3,92.5,92.0,92.7
cifar,CNN,"dropout, no_pool",K-FAC,0.001,32,24.263739013671874,242.63739013671875,10,5,10.0,9.875,63520,0.0,0.0,0.0,0.0,0.0,0.0,100.0,0.0,0.0,0.0
fashion_mnist,CNN,dropout,LBFGS,0.01,50000,17.68979043671579,583.7630844116211,33,28,74.17,0.0,44426,75.8,90.9,68.5,76.1,73.5,80.1,8.2,84.7,89.2,94.7
fashion_mnist,MLP,dropout,LBFGS,0.01,50000,8.30921984570367,697.9744670391083,84,79,84.17,85.54,476490,82.2,95.6,73.3,86.1,77.3,90.4,56.1,91.0,95.7,94.0
fashion_mnist,CNN,no_pool,LBFGS,0.001,50000,24.969081659317016,2496.9081659317017,100,100,76.66,77.87,54100,77.5,91.5,64.7,80.6,67.6,88.8,24.7,85.9,91.8,93.5
mnist,CNN,,K-FAC,0.0001,32,13.088040855195787,117.79236769676208,9,4,98.66,99.18,44426,99.48979591836735,99.20704845814979,98.44961240310077,98.7128712871287,99.18533604887983,98.87892376681614,97.91231732776617,98.92996108949416,97.84394250513347,97.9187314172448
fashion_mnist,MLP,,LBFGS,0.1,50000,8.117150117953619,194.81160283088684,24,19,87.37,90.736,476490,81.4,96.1,80.7,88.5,80.1,95.1,66.9,94.8,95.6,94.5
cifar,MLP,,LBFGS,0.01,32,69.65986938714981,6965.986938714981,100,99,10.0,10.0325,1647946,100.0,0.0,0.0,0.0,0.0,0.0,0.0,0.0,0.0,0.0
fashion_mnist,MLP,,LBFGS,0.01,32,8.395542666912078,839.5542666912079,100,100,14.07,14.04,476490,13.1,0.0,0.4,40.9,7.7,0.0,26.0,0.0,0.0,52.6
cifar,CNN,,SGD,0.1,32,13.152407949621027,144.6764874458313,11,6,10.0,10.1475,62006,0.0,0.0,0.0,0.0,0.0,0.0,0.0,100.0,0.0,0.0
fashion_mnist,CNN,dropout,LBFGS,0.0001,50000,17.22343769788742,1722.343769788742,100,98,10.0,9.998,44426,0.0,100.0,0.0,0.0,0.0,0.0,0.0,0.0,0.0,0.0
mnist,CNN,"dropout, no_pool",SGD,0.001,32,5.479046604850075,180.8085379600525,33,28,96.88,96.976,54100,98.87755102040816,99.20704845814979,96.12403100775194,94.85148514851485,96.74134419551935,97.53363228699551,98.22546972860125,95.52529182879377,96.50924024640658,95.14370664023787
fashion_mnist,MLP,,LBFGS,0.001,32,19.445609198676216,175.01048278808594,9,4,6.78,6.7,476490,45.3,0.2,6.2,0.0,0.0,16.0,0.0,0.0,0.0,0.1
fashion_mnist,CNN,,SGD,0.0001,32,15.936773764326217,1498.0567338466644,94,89,87.39,88.866,44426,86.8,96.5,80.5,89.0,80.7,96.7,57.6,94.7,96.2,95.2
fashion_mnist,CNN,,LBFGS,0.001,50000,19.112932295799254,1911.2932295799255,100,100,79.44,80.728,44426,78.3,92.4,59.8,83.3,74.1,89.3,40.4,90.6,92.5,93.7
mnist,MLP,dropout,LBFGS,0.1,40000,8.15832113712392,383.4410934448242,47,42,98.04,99.294,476490,99.08163265306122,99.38325991189427,98.15891472868218,97.52475247524752,97.86150712830957,97.53363228699551,98.32985386221294,97.85992217898833,97.53593429158111,96.92765113974232
mnist,CNN,"dropout, no_pool",LBFGS,0.1,40000,89.75547660887241,1436.0876257419586,16,11,9.8,9.758,54100,100.0,0.0,0.0,0.0,0.0,0.0,0.0,0.0,0.0,0.0
fashion_mnist,CNN,,K-FAC,0.0001,32,8.759615242481232,70.07692193984985,8,3,88.64,91.628,44426,85.2,98.2,85.5,89.9,77.8,95.5,67.5,95.6,96.7,94.5
cifar,CNN,dropout,SGD,0.01,32,4.282575007407896,132.75982522964478,31,26,55.77,61.0075,62006,60.5,72.5,34.6,38.9,48.7,47.4,65.7,61.7,74.2,53.5
fashion_mnist,CNN,no_pool,K-FAC,0.0001,32,25.177811980247498,201.42249584197998,8,3,86.27,89.246,54100,84.1,97.2,76.6,84.5,81.1,94.8,61.5,94.2,94.2,94.5
cifar,CNN,dropout,LBFGS,0.001,50000,17.508891786847794,122.56224250793457,7,2,10.0,9.875,62006,0.0,0.0,0.0,100.0,0.0,0.0,0.0,0.0,0.0,0.0
fashion_mnist,CNN,no_pool,SGD,0.0001,32,4.918605281247033,354.1395802497864,72,67,85.36,87.52,54100,77.4,95.6,75.7,86.0,78.9,94.1,63.0,93.4,95.5,94.0
cifar,CNN,no_pool,LBFGS,0.001,50000,30.503096554279328,3050.3096554279327,100,99,10.0,9.93,63520,100.0,0.0,0.0,0.0,0.0,0.0,0.0,0.0,0.0,0.0
fashion_mnist,CNN,,LBFGS,0.001,32,20.84142936600579,187.57286429405212,9,4,10.05,9.948,44426,0.0,0.5,0.0,0.0,0.0,0.0,0.0,0.0,0.0,100.0
mnist,MLP,dropout,K-FAC,0.001,32,15.667805592219034,94.00683355331421,6,1,78.29,78.21,476490,88.87755102040816,90.13215859030836,80.9108527131783,76.43564356435644,79.53156822810591,69.61883408071749,82.88100208768267,77.33463035019456,49.07597535934291,85.13379583746284
fashion_mnist,CNN,,LBFGS,0.01,50000,17.982646811008454,1798.2646811008453,100,100,88.07,89.448,44426,84.6,97.1,82.3,89.0,80.1,95.7,65.0,94.9,97.3,94.7
cifar,CNN,dropout,SGD,0.0001,32,4.7156958842277525,471.56958842277527,100,99,49.26,49.3875,62006,52.6,61.2,30.4,24.1,43.4,33.5,68.8,58.9,61.3,58.4
fashion_mnist,CNN,"dropout, no_pool",LBFGS,0.0001,50000,42.466517454101925,1783.5937330722809,42,37,10.15,10.232,54100,0.0,0.0,0.0,0.0,0.0,0.0,100.0,1.5,0.0,0.0
cifar,MLP,,SGD,0.001,32,4.209150934219361,63.137264013290405,15,10,52.18,60.36,1647946,45.2,69.3,35.1,34.1,57.5,37.3,64.4,52.6,72.9,53.4
cifar,CNN,dropout,K-FAC,0.01,32,12.901300509770712,77.40780305862427,6,1,20.13,19.925,62006,31.2,14.8,0.8,5.7,68.5,14.3,0.1,13.1,2.1,50.7
cifar,CNN,,LBFGS,0.001,50000,18.941629423413957,662.9570298194885,35,30,34.51,34.4375,62006,48.3,38.4,3.0,7.1,29.4,30.0,57.4,46.0,40.9,44.6
cifar,MLP,,LBFGS,0.001,50000,8.783905880791801,61.4873411655426,7,2,14.17,14.0275,1647946,47.7,7.4,0.0,0.0,7.5,0.0,0.0,0.0,79.1,0.0
fashion_mnist,CNN,no_pool,LBFGS,0.01,50000,25.201748628616333,2520.1748628616333,100,100,86.23,88.344,54100,81.4,96.3,77.2,87.3,77.6,95.0,61.4,94.5,95.8,95.8
cifar,CNN,no_pool,SGD,0.001,32,4.3895932327617295,96.57105112075806,22,17,49.51,52.31,63520,58.0,61.8,27.7,31.2,44.8,45.6,57.2,59.3,59.4,50.1
fashion_mnist,CNN,dropout,LBFGS,1.0,50000,17.72831062403592,975.0570843219757,55,50,90.35,93.38,44426,82.9,97.8,85.7,92.0,86.5,96.9,69.8,98.1,97.7,96.1
fashion_mnist,CNN,no_pool,K-FAC,1e-05,32,79.79011220198412,1037.2714586257935,13,8,87.24,91.716,54100,81.3,97.0,78.8,86.9,81.6,95.3,64.9,95.3,96.4,94.9
cifar,MLP,,K-FAC,0.001,32,201.28112225099042,2214.092344760895,11,6,26.04,27.5225,1647946,56.5,52.6,0.3,0.0,0.0,1.3,85.3,14.6,29.2,20.6
cifar,MLP,,LBFGS,0.0001,32,5.975790874958038,597.5790874958038,100,100,9.34,9.47,1647946,17.9,0.0,0.0,0.0,0.0,0.0,0.0,0.0,75.5,0.0
cifar,CNN,no_pool,K-FAC,0.0001,32,15.61665407816569,140.5498867034912,9,4,47.57,55.14,63520,51.3,62.5,28.9,27.1,42.1,41.0,59.5,52.3,55.6,55.4
mnist,CNN,dropout,SGD,0.001,32,4.714066050269387,155.56417965888977,33,28,98.87,99.292,44426,99.6938775510204,99.29515418502203,99.2248062015504,98.7128712871287,99.4908350305499,98.76681614349776,97.91231732776617,98.83268482490273,98.97330595482546,97.7205153617443
cifar,CNN,"dropout, no_pool",K-FAC,0.01,32,23.535559435685474,282.4267132282257,12,7,10.0,9.99,63520,0.0,0.0,0.0,100.0,0.0,0.0,0.0,0.0,0.0,0.0
fashion_mnist,MLP,,K-FAC,0.0001,32,30.80254332224528,277.2228899002075,9,4,87.53,91.924,476490,79.6,98.0,77.0,89.2,84.4,92.6,64.9,96.4,97.4,95.8
cifar,CNN,,LBFGS,0.001,32,15.002932747205099,360.07038593292236,24,19,10.0,10.0075,62006,0.0,0.0,0.0,100.0,0.0,0.0,0.0,0.0,0.0,0.0
mnist,CNN,no_pool,K-FAC,0.001,32,23.02004563808441,322.28063893318176,14,9,90.09,90.062,54100,89.79591836734694,95.33039647577093,91.95736434108527,88.01980198019803,93.48268839103869,98.4304932735426,94.67640918580376,88.91050583657588,74.84599589322382,85.53022794846383
mnist,CNN,,LBFGS,0.1,40000,19.34407373837062,270.8170323371887,14,9,98.83,99.088,44426,99.21875,99.25925925925925,99.29078014184397,97.58064516129032,100.0,97.75280898876404,96.92307692307692,99.1304347826087,99.11504424778761,99.28057553956835
mnist,CNN,"dropout, no_pool",K-FAC,0.001,32,12.922161367204454,116.29945230484009,9,4,90.36,89.65,54100,96.22448979591837,98.59030837004406,86.9186046511628,86.73267326732673,92.9735234215886,84.19282511210763,92.48434237995825,85.7976653696498,87.47433264887064,90.8820614469772
cifar,CNN,,SGD,0.001,32,4.2835618532620945,111.37260818481445,26,21,62.07,70.58,62006,69.8,71.5,54.2,34.5,50.2,51.2,71.5,71.3,79.8,66.7
mnist,CNN,"dropout, no_pool",K-FAC,0.01,32,26.16780912876129,157.00685477256775,6,1,87.58,87.038,54100,96.12244897959184,98.41409691629956,77.81007751937985,87.82178217821782,83.19755600814663,71.8609865470852,95.09394572025052,85.7976653696498,88.80903490759754,88.50346878097126
mnist,MLP,,LBFGS,0.001,40000,8.219910837985852,443.87518525123596,54,49,78.95,78.584,476490,93.26530612244898,93.74449339207048,70.63953488372093,80.39603960396039,77.69857433808554,65.13452914798206,86.74321503131524,85.3112840466926,65.91375770020534,67.59167492566898
cifar,CNN,"dropout, no_pool",SGD,0.001,32,5.028507297689265,221.25432109832764,44,39,39.93,40.54,63520,30.2,32.7,13.7,23.3,27.5,31.8,61.3,57.1,62.4,59.3
cifar,CNN,"dropout, no_pool",LBFGS,0.001,50000,30.06820321083069,240.5456256866455,8,3,10.0,9.92,63520,0.0,100.0,0.0,0.0,0.0,0.0,0.0,0.0,0.0,0.0
fashion_mnist,CNN,"dropout, no_pool",SGD,0.001,32,5.510397484808257,363.68623399734497,66,61,84.93,87.07,54100,82.9,96.1,77.2,87.5,79.5,92.1,52.0,92.5,94.2,95.3
fashion_mnist,CNN,dropout,SGD,0.01,32,4.67290220505152,182.24318599700928,39,34,89.29,91.1,44426,83.3,97.0,83.8,90.2,85.6,96.8,66.2,97.7,97.9,94.4
cifar,CNN,"dropout, no_pool",LBFGS,0.0001,50000,52.33863714763096,3297.3341403007507,63,58,10.0,9.92,63520,0.0,100.0,0.0,0.0,0.0,0.0,0.0,0.0,0.0,0.0
mnist,CNN,dropout,LBFGS,0.01,40000,18.210854760805766,546.325642824173,30,25,11.35,11.26,44426,0.0,100.0,0.0,0.0,0.0,0.0,0.0,0.0,0.0,0.0
fashion_mnist,MLP,,LBFGS,0.01,50000,8.181027457631867,474.4995925426483,58,53,87.83,90.916,476490,81.8,96.4,80.7,88.2,81.5,94.9,68.5,94.6,96.3,95.4
cifar,CNN,,LBFGS,0.01,50000,19.459332914352416,1945.9332914352417,100,100,63.44,68.565,62006,66.1,74.7,52.0,43.5,57.1,51.6,74.2,69.2,75.1,70.9
mnist,CNN,dropout,K-FAC,0.001,32,13.23303429897015,172.02944588661194,13,8,98.01,97.994,44426,99.38775510204081,99.38325991189427,98.35271317829458,97.52475247524752,97.65784114052953,98.54260089686099,97.80793319415449,97.76264591439688,98.15195071868582,95.44103072348861
fashion_mnist,CNN,dropout,K-FAC,0.001,32,14.134923426310221,212.02385139465332,15,10,84.37,84.658,44426,83.4,95.1,75.9,90.9,79.9,90.4,42.4,92.3,96.5,96.9
cifar,CNN,,LBFGS,0.0005,32,16.092239005225046,112.64567303657532,7,2,10.0,10.0075,62006,0.0,0.0,0.0,100.0,0.0,0.0,0.0,0.0,0.0,0.0
cifar,CNN,no_pool,LBFGS,0.01,50000,30.112598606256338,1957.318909406662,65,60,39.07,39.6175,63520,45.6,56.5,18.9,21.1,27.6,30.2,60.4,49.1,43.2,38.1
cifar,MLP,,SGD,0.01,32,10.755588960647582,107.55588960647583,10,5,51.54,59.4675,1647946,55.7,66.1,40.0,39.3,32.9,26.1,71.2,61.3,73.8,49.0
mnist,CNN,no_pool,LBFGS,0.001,40000,25.074535064697265,2507.4535064697266,100,100,94.87,95.088,54100,97.55102040816327,98.6784140969163,93.9922480620155,93.96039603960396,94.60285132382892,94.28251121076234,95.82463465553236,94.16342412451363,92.19712525667352,92.9633300297324
mnist,CNN,dropout,LBFGS,0.0001,40000,25.338989886370573,1951.102221250534,77,72,11.35,11.26,44426,0.0,100.0,0.0,0.0,0.0,0.0,0.0,0.0,0.0,0.0
mnist,MLP,,K-FAC,0.001,32,30.16858196258545,181.0114917755127,6,1,83.9,83.098,476490,90.81632653061224,95.77092511013215,83.43023255813954,77.22772277227723,82.99389002036659,71.74887892376681,88.51774530271399,83.46303501945525,84.18891170431212,78.39444995044599
mnist,CNN,,SGD,0.1,40000,7.767025626938919,225.24374318122864,29,24,69.03,67.692,44426,82.03125,93.33333333333333,87.94326241134752,62.903225806451616,26.81159420289855,50.561797752808985,87.6923076923077,80.8695652173913,45.13274336283186,53.23741007194245
cifar,CNN,,LBFGS,0.01,32,12.74655925989151,1274.655925989151,100,99,22.26,21.5675,62006,32.0,9.9,13.0,10.4,38.6,20.8,8.1,27.8,9.3,52.7
mnist,CNN,no_pool,K-FAC,0.01,32,21.289881378412247,170.31905102729797,8,3,88.69,88.904,54100,92.34693877551021,96.47577092511013,89.14728682170542,74.55445544554455,88.79837067209776,83.6322869955157,87.05636743215031,89.2023346303502,95.07186858316221,89.29633300297324
